고유번호,직업 이름,하는 일
1,3D프린트 전문가," 3D 프린팅 전문가는 소재를 쌓아 물체를 만드는 3D프린터를 이용해 고객의 요구에 따라 제품(미니어처, 액세서리, 일상용품, 개인 편의 제품, 기계 부품 등)을 만들어 냅니다. 
 컴퓨터 프로그램을 활용하여 설계된 디자인대로 프린터를 조작하고 운영합니다.
 제품을 디자인하는 3D 모델링 과정, 설계된 데이터값을 입력하는 3D 프린팅 과정, 출력된 제품을 후처리하는 과정을 통해 최종 제품을 설계하고 제작하는 서비스를 제공하는 일을 합니다."
2,GIS 전문가," 지리정보시스템(GIS: Geographic Information System)전문가는 국토 공간상에 존재하는 각종 위치 및 속성정보 등을 정보화하여 활용하는 것으로 첨단정보시스템에 대한 전반적인 업무를 수행합니다.
 사용자 의견을 수렴하여 시스템의 구조를 설계하고, 데이터베이스, 사용자 인터페이스 및 네트워크의 기본적인 시스템 구조를 설계합니다.
 지리정보에 사용되는 각종 데이터를 수집 및 분석하여 이를 데이터베이스화 합니다."
3,IT컨설턴트," IT컨설턴트는 기업의 인적, 물적 자원 및 모든 조건에 관련된 자료를 수집 및 분석하고, 최근의 기술과 활용 가능한 자원, 현재 상태를 고려해 시스템을 만들기 위한 전문적인 조언이나 자문을 하는 일을 합니다.
 이미 만들어진 정보시스템을 통해 경영상의 개선 효과, 시스템의 효율성 등에 대해 평가를 실시하고 시스템의 운용과 유지, 관리에 대한 조언을 합니다.  
현재의 정보시스템을 완전히 교체하기 위해 새로운 시스템을 전면적으로 개발하는 경우, 국내나 국외의 비슷한 시스템에 대해 비교, 분석하며, 필요한 시스템 구성 방안이나 예산을 세우고 시스템이 만들어졌을 때 기대되는 효과를 분석합니다.  
정보시스템 개발 프로젝트 진행 사항에 대한 점검을 하고 개발 중인 시스템에 대한 기획 단계와 프로그램 개발 단계 등 각 과정에 대해 감리하며, 개발 요구 사항에 맞게 진행되고 있는지를 확인하고 평가합니다.
 기업이 업무 효율성과 생산성을 높이는 정보시스템을 만들고 운영할 수 있도록 기획과 시스템 구축 방안, 운영 방법 등에 대한 전문적인 조언을 합니다."
4,SNS 마케터," SNS(Social Network Service)마케터는 SNS를 통해 상품을 홍보 및 판매하고 소비자 반응을 분석하는 업무를 수행합니다.
 판매하는 상품에 적합한 SNS 채널과 소비자층을 설정하고 마케팅 계획을 수립한 후 판매를 진행합니다.
 상품 판매 이후에는 소비자의 반응을 분석합니다."
5,UX 디자인 컨설턴트,"UX 디자인 컨설턴트는 사용자의 마음과 행동에 대한 조사와 이해를 바탕으로 사용자 입장에서 제품을 설계해 더 편리하게 사용하도록 하는 UX(사용자 경험, UX: User Experience) 디자인 업무를 수행합니다. 
사용자들이 제품이나 서비스에 만족 또는 불만족을 느끼는 요소는 무엇이고, 이에 더해 새로 원하는 요구가 무엇인지를 찾아 새로운 제품 기획안을 만들어 냅니다.  
웹, 스마트폰, 태블릿PC에 담기는 각종 애플리케이션을 어떻게 하면 더 편리하게 사용할 수 있을지 문제점을 파악하고 해결책을 제시합니다."
6,가상현실전문가," 가상현실전문가는 3차원모델링(3D)등의 기술을 이용해 가상의 시공간에서 가상시스템을 개발합니다.  
사용자가 원하는 가상 세계가 무엇인지 파악하거나 개발하고자 하는 시스템을 분석하여 개발 방향을 설정합니다.
 신제품에 대한 기획안을 토대로 3차원 컴퓨터그래픽 제어 기술을 활용하여 프로그래밍 한 후 디자인 감각을 바탕으로 사용자가 실제감을 느낄 수 있도록 가상현실시스템을 디자인합니다."
7,감성인식기술전문가," 인간의 감성을 컴퓨터가 인식할 수 있는 기술을 개발합니다.
 인간의 감성을 인식할 수 있는 유무선 센서 기술을 개발합니다.
 기존 IT 제품 및 몸에 착용할 수 있는 기기(웨어러블 장치)에 사용자의 감성을 인식시키는 기술을 적용합니다."
8,개인미디어 콘텐츠제작자(크리에이터)," 개인 미디어 콘텐츠 제작자는 유튜브, 트위치, 아프리카TV 등 미디어 플랫폼 서비스에 영상과 오디오로 된 콘텐츠를 만들어 올립니다.
 제작자 개인의 적성과 취향에 따라 표현하고 싶은 주제의 콘텐츠를 제작합니다.
 콘텐츠 제작을 위한 자료 조사와 기획·연출, 영상 촬영을 합니다.
 촬영된 영상을 편집하고, 자신의 미디어 플랫폼 서비스에 영상을 올립니다."
9,개인형 이동수단 개발자,"전기자동차, 전동 퀵보드 등 전기를 동력으로 하는 1인용 이동 수단을 연구하고 개발합니다.
새로운 개인용 이동 수단의 동력장치와 구성품을 연구하고 설계합니다.
개인용 이동 수단의 디자인을 설계합니다.
동력장치를 비롯하여 각종 구성품의 성능을 평가하고 개선합니다."
10,건설견적원," 건설견적원은 도로, 교량, 건축구조물, 전기 및 기계 설비 등의 공사 비용을 분석하고 이에 대한 견적서를 작성하는 일을 담당합니다.
 시장가격, 설계 도면, 각종 내역서에 기초하여 건설사업에 필요한 자재, 노동력, 장비 등에 대한 비용 견적서를 작성합니다.
 입찰 방법, 경쟁업체 등을 파악하고, 관련 자료 분석을 통해 낙찰 가능한 입찰 금액을 계산합니다.
 공사 규모에 따라 필요한 인력의 비용을 고려하여 전체적인 공사비를 산출하고, 입찰과 관련된 서류를 작성합니다."
11,건설공사품질관리원," 건설공사품질관리원은 건설자재에 대한 품질검사를 실시하고, 건설 재료의 품질과 안전성 검사를 통해 부실 공사를 방지하고 건설 사고를 예방하는 업무를 담당합니다. 
 계측기, 시험 장비 등을 이용하여 콘크리트, 철근, 마감 재료 등 건설자재에 대한 품질검사를 실시하고, 결함 발견 시 적절한 조치를 취해 사고를 예방합니다.
 건설 설계도 검토를 통해 품질보증계획서, 품질시험계획서를 작성하고, 건설 현장의 토질과 지반이 예정된 건설 공사에 적합한지 검사합니다.
 파괴시험, 비파괴시험, 토공사 점검, 마감공사 점검 등을 실시합니다."
12,건축공학기술자," 건축공학기술자는 건축물 공사 시 전체적인 관리, 감독을 수행하고, 구조 설계, 시공과 관련된 기술적 자문을 합니다.
 공사가 설계 도면에 따라 진행되는지와 공사 현장의 안전, 환경, 건축물의 품질, 공사를 위한 재료, 인력 등에 대해 관리, 감독합니다.
 공사 기간, 시공 방법, 투입 인력의 규모, 건설기계와 건설자재 투입량 등의 세부 공정을 수립하고 시행합니다.
 공사가 설계에 따라 제대로 진행되고 있는지 감독하고 현장을 관리합니다.
 건설기능공, 인부들의 안전사고를 예방하고 기술적인 문제를 해결합니다."
13,건축사,"건축사는 건축주(고객)의 의뢰를 받아 조형미, 경제성, 안전성, 기능성 등을 고려하여 주택, 사무용 빌딩 등의 건축물을 계획하고 설계하는 일을 합니다.
 스케치 및 모형을 준비하고, 전문 지식을 바탕으로 건축계획안과 설계도를 작성합니다.
 설계도의 내용이 공사 과정에 정확히 반영되는지를 확인하는 감리 업무를 합니다.
 건물의 건설 및 유지 활동을 지휘하거나 건축주 및 시공자에게 조언과 기술 지도를 합니다."
14,게임 방송 프로듀서," 게임 방송 프로듀서는 게임 대회 방송이나 게임 방송 프로그램을 기획하고 제작하는 일을 합니다.
 게임 대회 방송이나 프로그램을 위한 장소 섭외, 무대 구성, 일정 관리, 스태프와 출연진 섭외 등을 합니다.
 게임의 특성을 파악하여 연출 방향을 설정하고 방송 촬영과 편집 등 방송을 총지휘합니다."
15,게임감시관 및 조사관," 직원 및 고객의 부정행위 또는 도난 등과 같은 카지노호텔의 비정상적 활동을 감시하고 사전에 예방하는 역할을 수행합니다.
 카지노하우스 룰, 주정부 및 연방정부 규정 준수, 직원의 빠르고 정중한 서비스 제공 여부 등 게임 활동 전반을 모니터링합니다."
16,게임기획자," 게임기획자는 PC 게임, 모바일 게임, 콘솔 게임 등 게임용 소프트웨어 제작과 관련된 모든 사항을 기획하고 감독합니다.
 국외의 게임 시장 조사를 통해 소비자들이 원하는 게임이 무엇인지를 확인하고, 새로운 게임 제작을 위한 아이디어를 내거나 이에 대한 기획안을 작성합니다.
 게임의 장르와 이용 연령층, 게임의 난이도, 게임 내 각종 캐릭터 역할과 특징, 기본적인 스토리 흐름을 설정하고, 그래픽 디자이너, 컴퓨터 프로그래머 등과 함께 게임 소프트웨어를 제작합니다.
 게임 소프트웨어에 대한 공개 전 테스트를 하고 시연회에 참여하는 등 홍보와 마케팅 업무를 기획합니다.
 게임의 제작이 완료되면, 게임을 운영하면서 이용자들이 요구하는 개선 사항이나 의견을 듣고 게임 소프트웨어를 수정하거나 더 나은 기능으로 최신화시킵니다."
17,고객관리시스템(CRM)전문가," 고객관리시스템전문가는 고객과 관련된 기업의 내외부 자료를 분석 및 통합하여 사용자의 특성에 기초한 기업의 영업 활동을 지원하기 위한 정보시스템을 연구하고 설계하는 일을 합니다.
 고객과 관련된 기업의 내외부 자료 및 기업의 전략, 목표 등을 분석하고 기업의 비즈니스와 연결해 효과적으로 고객을 관리할 수 있는 정보시스템을 연구하고 설계합니다.
 고객관리시스템(CRM)과 관련된 국내외의 최신 정보 기술을 파악 및 분석하여 정보시스템을 개선하고 보완합니다.
 기업의 사용자에게 고객관리시스템의 운영 및 관리에 대한 교육과 기술적 조언을 실시합니다."
18,금속공학기술자," 금속공학기술자는 금속, 합금의 제조와 가공 방법 개발을 위해 금속의 물리적, 조직적 특성을 실험하고 연구하며, 장단기 기술개발 계획을 수립하는 업무를 수행합니.
 금속제품의 제조, 가공, 합금 등 금속 분야에 대한 자료를 수집, 분석해서 신기술을 개발하고 생산기술을 향상시키는 역할을 수행합니다. 
 금속의 주형, 조형, 열처리를 위한 공정을 설계합니다.
 금속을 응집, 추출, 제련, 처리하기 위한 공정을 계획하고 설계합니다.
 기존 설비를 확장 및 증설하는 금속 설비 계획을 판단하여 보고합니다."
19,기계공학 기술자ㆍ연구원," 기계공학 기술자ㆍ연구원은 다양한 산업과 연관된 기계, 기구, 산업 설비, 생산시스템 등을 연구, 개발, 설계, 제조하고, 생산 공정을 운영, 감독하는 업무를 수행합니다.
 기계의 구성 요소, 설계, 운영, 성능, 시스템의 실현 가능성에 관해 연구하고, 제품에 대한 아이디어를 기획하며, 세부 사항을 설계합니다.
 산업 설비와 건설 현장의 기계 시스템의 설비, 변경, 위탁을 감독하고 검사합니다.
 기계의 고장이나 문제를 파악하고 해결하며 기술자와 엔지니어를 감독합니다.
 계산, 비용 견적서, 보고서 등을 작성하고 검토하는 업무를 수행합니다."
20,네트워크엔지니어," 네트워크엔지니어는 전산망을 만들기 위해 각종 하드웨어와 소프트웨어를 이해하고 사용 목적에 맞는 네트워크시스템의 기획, 분석, 설계, 구축에 관한 일을 합니다.
 네트워크 시스템의 전체 구조를 분석 및 평가하여 문제점과 개선책을 마련하거나 사용자의 요구와 기대를 만족시키는 네트워크 시스템에 대한 기능성, 안정성, 확장성, 변경 가능성, 관리 용이성을 고려하여 구조를 설계합니다.
 네트워크 시스템의 상세 설계에 대한 시공 방법이 적힌 시방서를 참고하여 하드웨어 및 네트워크 장비, 각종 소프트웨어에 대한 확보 방안을 마련합니다.
 네트워크와 관련된 하드웨어와 소프트웨어가 들어오면, 각 시스템을 설치하고, 기능과 성능을 시험하며, 실제 운영에 필요한 네트워크 시스템의 관리체계를 마련합니다.
 네트워크 시스템의 고장 시 네트워크 관리자와 더불어 원인을 파악하고, 신속한 복구 대책을 마련하여 정상적으로 작동할 수 있도록 처리합니다."
21,대기환경기술자," 대기환경기술자는 대기오염 상태를 측정, 분석하고, 대기오염을 방지할 수 있는 방법에 대해 연구, 실험하며, 대기오염방지시설과 장치 등을 설계, 개발하는 업무를 담당합니다.
 지역의 대기오염 상태를 측정하고 분석합니다.
 대기오염을 최소화하거나 제거할 수 있는 대기오염 방지시설과 장치에 대해 연구하고 설계합니다.
 대기오염 방지시설의 타당성을 검토하고, 운전상 문제점 등을 점검합니다.
 환경보호, 환경통제 분야에 대해 전문적으로 연구하고 개발하기도 합니다."
22,대체에너지개발연구원," 대체에너지개발연구원은 태양열, 태양광, 조력, 풍력, 바이오매스 등의 대체 에너지를 연구ㆍ개발합니다.
 에너지의 사용으로 인하여 배출되는 환경오염 물질을 줄이고 화석 연료를 효율적으로 이용하기 위하여 신재생 에너지의 안정적인 공급과 관련된 연구·개발을 수행합니다.
 에너지 기술의 자립을 위하여 저공해, 고효율의 대체에너지 기술의 연구·개발을 수행합니다.
 연구 과제의 생성, 진행, 완료까지 전체적인 과정을 관리합니다.
 연구 성과가 상업화될 수 있도록 관리합니다."
23,데이터마이너," 데이터마이너는 데이터를 원하는 형태로 바꾸고 분석해서 필요한 정보를 찾아냅니다.
 정보를 분석하는 소프트웨어를 통해 데이터를 다양한 차원과 관점에서 분류하고 요약하고 분석합니다.
 데이터마이닝을 하기에 앞서 목적을 파악하고, 어떤 형식으로 데이터마이닝을 할지 결정한 다음 필요한 데이터를 결정하고, 분석 목적에 맞는 형태로 데이터를 바꿉니다.
 데이터마이닝을 실행하여 필요한 정보를 찾아낸 뒤, 그 결과가 유용한지 판단하고, 분석을 통해 데이터에 오류가 있지는 않은지 알아내기도 합니다.
 학문적인 이론이나 상식과 관계없이 순수하게 데이터의 연관성을 분석합니다."
24,데이터베이스관리자," 데이터베이스관리자는 컴퓨터를 사용하여 각종 데이터를 체계적으로 수집, 정리, 가공하거나 입력하여 데이터베이스를 구축, 관리, 분석하는 일을 합니다.
 데이터베이스를 분석하고 전산시스템 사용자에 대한 등록, 데이터 접근 범위, 읽고 쓰기 권한, 사용자 로그인 및 암호를 관리합니다.
 데이터베이스 시스템에 장애가 발생하거나 서버 부품의 고장으로 인해 문제가 발생하면 신속히 원인을 파악하고 빠르게 시스템을 복구합니다.
 데이터베이스를 매일 또는 정기적으로 백업하거나 보관하여 데이터의 손실을 예방합니다.
 고객이 요구하는 특정 분야의 자료를 일정 기간 동안 수집하여 정리하고, 입력된 자료를 검토하여 문제점을 보완합니다."
25,도시 및 교통설계전문가, 도시 및 교통설계전문가는 도시설계와 교통체계에 관한 지식을 바탕으로 기존 도시와 특정 단지의 재개발 또는 신도시 건설과 관련하여 도시 및 단지를 계획하고 설계합니다.
,," 건설될 도시와 지역에 관한 자료를 분석하는데, 해당 지역의 인구, 상하수도, 도로 등의 인문환경과 지리적 위치, 기후 등 자연환경을 조사 및 분석하여 향후 그 지역의 발전 및 확장 정도를 추정합니다."
,, 확정된 계획안은 주문처인 자치단체나 건설회사에 제출되어 각계 전문가와 협의하여 결정안으로 확정합니다.
,," 시공에 따라 발생하는 제반 사항에 대한 문제점을 해결하기 위해 현장 점검, 안전진단 등의 업무와 관리 및 감독 업무를 합니다"
26,도시 재생 전문가," 도시 재생 전문가는 쇠퇴하거나 낙후된 도시를 되살리기 위하여 도시 재생 계획을 세우는 일을 합니다. 
 도시를 되살리는 방법에 대하여 주민들의 의견을 조사하고 정리합니다.
 주민들에게 도시 재생에 대하여 홍보하고 교육을 합니다.
 마을 기업을 창업하고 운영하는 일을 자문합니다.
 도시 재생 사업이 잘 이루어지고 있는지를 점검하고 평가합니다."
27,드론 전문가," 드론(drone)은 조종사 없이 무선으로 비행 및 조종이 가능한 비행기나 헬리콥터 모양의 무인 항공기를 말하며, 드론 전문가는 세부적으로 드론 개발자와 드론 조종사를 포함합니다.
 드론 개발자는 드론의 비행을 제어하는 소프트웨어를 개발합니다. 또한 드론을 이용해 촬영, 스포츠, 관측, 감시, 정보 통신, 광고, 배달 등 다양한 응용 분야에서 임무를 수행하는 데 필요한 응용 장치를 연구개발 합니다.
 드론 조종사는 지상에서 원격조종을 통해 미리 정해둔 대로 자동 또는 반자동으로 드론을 조종합니다. 또한 지상 통제 장비(GCS: Ground Control System), 통신 장비 및 지원 장비 등의 시스템을 운영·통제합니다."
28,드론 콘텐츠 전문가," 드론 콘텐츠 전문가는 드론을 이용하여 다양한 콘텐츠를 만들어 내는 일을 합니다.
 다양한 자료를 조사하여 드론 콘텐츠 주제를 찾아내고, 실제로 콘텐츠 제작이 가능한지 내용을 검토합니다.
 드론을 활용한 다양한 콘텐츠를 떠올리고 사진, 영상, 가상현실(VR: Virtual Reality) 등을 활용하기도 합니다.
 개발한 드론 콘텐츠를 각종 문화 공연, 드론 스포츠(레이싱, 축구 등), 행사와 축제, 테마파크 등에서 선보입니다."
29,디지털 큐레이터," 디지털 큐레이터는 인터넷상에서 쏟아지는 다양한 정보 중 가치 있는 정보를 선별하고, 콘텐츠화하여 유용한 정보로 만들어서 사용자에게 제공합니다.
 사용자가 정보를 쉽게 활용할 수 있도록 인터넷에 등록된 다양한 정보를 비교 및 분석하고 정리하는 일을 합니다.
 블로그, SNS 등에 수많은 정보가 실시간으로 등록되면서 기존 정보를 찾기 어렵기 때문에 관련성 있는 정보를 하나의 화면에 보기 좋게 배치합니다."
30,디지털 포렌식 수사관," 디지털 포렌식 수사관은 PC나 노트북, 휴대폰 등 각종 저장 매체 또는 인터넷상에 남아 있는 디지털 정보를 수집하고 분석해 범죄 단서를 찾는 업무를 수행합니다.
 범죄자가 숨기거나 쓰지 못하게 변형시킨 데이터를 복구하여 법적인 증거자료로 만듭니다.
 확보한 디지털 자료가 법정에서 증거로서 받아들여질 수 있도록 신뢰성을 확보하고, 증거로서 생명력을 잃지 않도록 유지 및 보관하여 법정에 제출합니다."
31,로봇 윤리학자," 로봇 윤리학자는 로봇을 어떻게 만들어야 하며, 어떤 로봇이 윤리적으로 바람직하지 않은가에 대해 질문하고 여기에 대해 답을 찾는 연구를 합니다.
 로봇이 작동하여 발생한 결과에 대해 도덕적인 관점에서 판단 기준을 만듭니다.
 만일 로봇이 잘못해서 피해가 발생했다면 로봇을 만든 사람, 로봇의 주인, 로봇 사용이나 관리를 감독해야 하는 정부 중에서 누구를 어느 정도로 처벌해야 하는지 윤리나 법적인 면에서 따져 보는 일을 합니다.
 로봇이 물건을 생산하거나 서비스를 했을 때 발생하는 부가가치에 대한 세금을 부과해야 한다는 목소리가 높아지고 있어 이를 깊이 따져 보는 일을 하기도 합니다."
32,로봇연구원," 로봇연구원은 산업용, 의료용, 해저자원 개발용 로봇과 실생활에 이용할 수 있는 로봇을 연구하고 개발하는 업무를 담당합니다.
 로봇의 구성 요소를 연구, 개발하고 하나의 단일체로 조립, 제작합니다.
 최적의 방법으로 공장의 생산설비를 자동화하기 위하여 최신 제조기술, 자동화기술 등에 대하여 자문하고 전기, 전자, 기계 장치를 자동화하는 설비를 연구, 개발합니다.
 용접로봇 등 생산 현장에서 사용되는 산업용 로봇이나 자동화시스템 설비를 설치, 운용, 정비, 수리합니다."
33,메카트로닉스공학기술자," 메카트로닉스공학기술자는 의복, 식품, 자동차, 항공기 등 각종 제품들의 생산과정을 자동화하는 설비 기술을 연구하고 개발합니다.
 생산 현장을 조사하고 각종 자료 수집과 공정 분석을 거쳐 공장의 자동화 계획을 수립하고 지도합니다.
 논리제어기, 마이크로프로세서 등의 관련 기술을 적용하여 자동화 설비를 설계하고 개발합니다.
 기업체 등의 의뢰를 받아 최적의 방법으로 공장의 생산 설비를 자동화하기 위하여 최신 제조기술, 자동화기술 등에 대하여 자문합니다.
 제대로 작동되지 않는 자동화 설비의 문제점을 해결하고 납품된 설비에 대해 정기적인 점검을 실시하기도 합니다."
34,메타버스 크리에이터," 메타버스 플랫폼에서 제공하는 제작 툴을 사용하여 단일 아이템을 주로 제작하고 판매합니다.
 메타버스의 가상공간에 메타버스 사용자들을 위한 건축물, 아바타 맵 등의 서비스를 설계하고 구현합니다.
 메타버스 가상공간에서 사용자들을 위한 아바타 맵을 만듭니다.
 맵 내부에서 건축물, 팝업스토어, 전시전 등 가상공간 전용 콘텐츠를 디자인하고 구현합니다.
학교, 카페 등 실제 건축물을 3D개발 툴을 사용하여 모델링합니다."
35,모바일앱개발자," 모바일앱개발자는 스마트폰이나 태블릿PC 등 모바일기기에서 사용되는 소프트웨어인 모바일 애플리케이션을 개발하고 수정하는 일을 합니다.
 국내외의 모바일 앱 개발 흐름 및 우리나라 사람들의 모바일기기 이용 특성에 적합한 애플리케이션을 기획하고 개발합니다.
 기업이나 기관이 이용하기 원하는 정보들을 체계적으로 모바일앱을 이용하여 관리할 수 있는 다양한 기능의 애플리케이션을 만듭니다.
 애플리케이션이 작동하는데 필요한 구글 안드로이드, 애플 iOS, 윈도우 등 모바일 운영체제(OS: Operation System)별로 기술 변경 사항 등에 대해 확인하고 고객의 요구 사항대로 앱을 개발하기 위한 기술 검토와 업무 분석을 합니다.
 새로 개발하거나 이미 개발된 애플리케이션과 관리시스템 이용에 필요한 사용자 교육을 하거나 실제 모바일앱 운영에 필요한 시스템 구성과 관련된 내용을 고객과 회의를 통해 결정합니다"
36,무선주파수(RF)엔지니어," 무선주파수(RF)엔지니어는 무선주파수(RF: Radio Frequency)를 이용하여 무선통신 장비들을 연구, 개발, 설계하는 일을 합니다.
 국내외 시장을 조사하고 경쟁하는 기업의 제품 및 무선통신 장비 관련 기술 변화 등에 대해 분석하여, 새로운 기능과 성능을 갖춘 무선통신 장비를 기획하고 개발합니다.
 꾸준한 실험과 검사를 통해 새롭게 개발한 무선통신 장비의 성능과 품질을 검사하고 장비의 결함이나 불량의 원인에 대해 분석하여 해결책을 제시합니다."
37,사이버교육운영자,"사이버교육운영자는 컴퓨터를 이용해 시간과 장소에 상관없이 교사와 학생, 학생과 학생이 양방향으로 의사소통할 수 있는 온라인 교육환경을 설계 및 기획하는 일을 합니다.
 컴퓨터 프로그램을 활용하여 설계된 디자인대로 프린터를 조작하고 운영합니다.
 제품을 디자인하는 3D 모델링 과정, 설계된 데이터값을 입력하는 3D 프린팅 과정, 출력된 제품을 후처리하는 과정을 통해 최종 제품을 설계하고 제작하는 서비스를 제공하는 일을 합니다."
38,산업공학기술자,"산업공학기술자는 기업경영에 대하여 사회과학적 전문 지식과 자연과학적 원리를 응용하여 경영의 여러 요소를 과학적으로 분석하고 조정하는 업무를 수행합니다.
생산을 위한 최적의 수준을 결정하고 기계, 원자재, 자원의 최적 활용을 위한 프로그램을 실행합니다.
경영 기획, 기술 전략, 경영 정보 시스템 분야 등에서 회사에 영향을 끼치는 다양한 요인들을 분석하고 사업전략과 경영관리 방법을 모색합니다.
시설을 계획하고 설계하며 새로운 기계, 설비를 연구하고 적용합니다."
39,생물 정보 분석가,"생물 정보 분석가는 생물의 유전자에서 출발해 단백질, 세포, 기관, 인간 전체에서 나오는 생물학적인 정보를 수집하여 데이터로 만들고, 이를 발전시키는 작업을 합니다.
이렇게 나온 정보를 비교 및 분석이 가능하도록 조직화하고, 조직화한 데이터를 다시 새롭게 만들거나 분석해서 연구자에게 제공하기도 합니다.
데이터를 분석해 새로운 현상을 발견하는 일도 하는데, 이때 그 도구로 컴퓨터 프로그램이나 언어를 활용하며, 이를 개발하는 과정에도 참여합니다."
40,생물공학연구원,"생물공학연구원은 미생물, 동식물, 효소를 이용하여 물질을 생산, 분해, 변환하고 이를 통해 얻은 지식과 기술을 인간 생활에 응용하는 연구를 담당합니다.
의학, 약학, 화공, 환경공학 등의 전문가들과 협동하여 유전자 재조합, 생물 공정 등 이미 개발된 기술을 습득하고 새로운 생물공학기술을 개발하는 연구를 수행합니다.
DNA 조작을 통해 신물질 개발 실험을 하거나, 실험동물의 체세포나 혈액을 분리 및 조작하는 실험을 통해 새로운 생물의약품, 생물화학제품, 바이오식품 등의 신제품을 개발합니다."
41,생체 인식 전문가,"생체 인식 전문가는 카메라, 스캐너 등의 센서 장치로 생체 정보(지문, 얼굴, 눈동자의 홍채, 정맥 등)를 파악하여, 이를 통해 본인임을 확인해 주는 장치를 만드는 일을 합니다.
 본인 확인을 위해 사용될 영상 정보를 컴퓨터가 처리할 수 있는 상태로 저장하는 프로그램을 만듭니다.
 지문이나 얼굴 등을 인식할 수 있는 인식기와 같은 하드웨어를 개발합니다."
42,섬유공학기술자,"섬유공학기술자는 공학 기술을 기반으로 섬유제품의 품질에 대해 연구하고, 새로운 첨단 섬유 소재를 연구개발 하는 업무를 수행합니다.
 새로운 섬유 소재 제품을 개발하며, 섬유 소재의 품질 향상을 위한 연구를 수행합니다.
 섬유제품을 위한 공정, 장비, 절차를 설계하는 등 가공 공정을 개선합니다.
 동물섬유, 식물섬유, 합성섬유에 대해 분석하고, 제조된 섬유제품을 분석합니다."
43,소음진동기술자,"소음진동기술자는 각종 공사 현장 등에서 기계 및 장비의 사용으로 인해 발생하는 소음과 진동을 측정하고, 생활환경을 오염시키는 소음과 진동을 최소화하거나 해소할 수 있는 방법에 대해 연구 및 개발하는 일을 합니다.
 소음과 진동을 측정 및 분석하고 원인을 감소 또는 제거할 수 있는 방지시설이나 방법 등을 연구하고 개발합니다.
 소음방지시설의 적합성을 검토하고 시공이나 운전상의 문제점 등을 점검하고 평가하며 이에 대한 해결책을 제시합니다."
44,스마트 그리드 엔지니어,"스마트 그리드 엔지니어는 전기를 생산, 운반, 소비하는 과정을 정보 통신 기술과 결합하여 지능형 전력망(스마트 그리드)을 개발합니다.
 효율적으로 전력을 관리하는 지능형 전력망을 운영합니다.
 지능형 전력망에 필요한 전기기기, 각종 전력 제어용 센서, 네트워크 장비, 데이터 처리 장비 등 각종 제품을 개발합니다."
45,스마트 도시 전문가,"스마트 도시 전문가는 정보 통신 기술을 이용하여 정보를 수집하고 자원을 효율적으로 관리하는 스마트 도시를 계획합니다.
 도시 지역의 교통, 에너지, 수도, 하수, 폐기물, 학교, 병원 등에 관한 전반적인 데이터를 수집하고 분석합니다.
 사물 인터넷과 인공지능 기술을 적용하여 도시 문제를 분석하고 해결책을 내놓는 일을 합니다.
 스마트 도시를 만들기 위하여 필요한 각종 설비나 시스템을 설치하고 관리하는 일을 합니다."
46,스마트 의류 개발자,"스마트 의류 개발자는 정보 통신 기술을 이용하여 옷을 입은 사람의 심박수, 체온 등을 감지할 수 있는 의류를 개발합니다.
 쾌적하고 안전하며 편리한 스마트 의류를 만들기 위하여 연구하고 개발합니다.
 음악을 들을 수 있는 멀티미디어, 현재 위치를 확인할 수 있는 위치기반서비스를 활용하여 사람들의 생활을 풍요롭게 만드는 스마트 의류를 개발합니다."
47,스마트 재난 관리 전문가,"스마트재난관리전문가는 각종 스마트기기를 활용해서 신속하고 정확하게 재난에 대응할 수 있도록 도와줍니다.
 재난 상황의 공통점이나 발생 원인을 분석하여 필요한 대응 방법을 찾고, IT 기술과 최첨단 장비를 융합하여 재난관리 시스템을 기획, 개발합니다.
 재난 피해를 최소화할 수 있도록 예방, 대비, 대응, 복구 등으로 단계를 나누어 재난 관리 업무를 수행합니다.
 재난 상황에 대응하는 방법, 절차, 전략을 개발합니다."
48,스마트 팜 구축가,"스마트 팜 구축가는 농업에 정보통신 기술을 접목하여 효율적으로 작물을 재배하거나 가축을 기르는 기술을 개발하고 수집된 정보를 분석합니다.
 딸기, 토마토, 사과 등의 작물과 소, 돼지 등 가축의 특성을 이해하고 적합한 정보통신 기술을 개발하고 분석합니다.
 온도, 습도, 이산화탄소 등을 측정할 수 있는 감지기나 농작물 및 가축의 상태를 점검할 수 있는 기술을 개발하고, 이를 컴퓨터나 모바일에서 확인할 수 있도록 합니다.
 스마트팜을 원하는 농민을 위하여 스마트팜에 대하여 교육하고 전문적인 도움을 줍니다."
49,스마트팜 운영자,"농사 기술에 정보통신기술(ICT)을 결합한 스마트 팜(농장)에서 농사를 운영합니다.
스마트폰과 같은 모바일 기기를 통해서 농장의 상태를 관리합니다.
 사물인터넷 기술을 이용해서 농작물의 환경을 분석하고 조정합니다."
50,시스템소프트웨어개발자,"시스템소프트웨어개발자는 컴퓨터를 작동시키고 각 부품의 활동을 조정, 통제, 관리하는 윈도우, 맥, 리눅스와 같은 오퍼레이팅시스템 소프트웨어를 연구, 개발, 설계하는 일을 합니다
 국내외의 시장을 조사하고 경쟁기업의 제품 및 소프트웨어 업계의 기술 변화 등을 분석하여 새로운 기능과 성능을 갖춘 시스템소프트웨어를 기획하고 개발합니다.
 개발된 시스템소프트웨어를 컴퓨터에 설치 및 시험 운영하여 시스템소프트웨어의 기능과 성능을 평가하고 분석합니다.
 시스템소프트웨어에 대한 사용자 교육과 기술에 대한 전문적인 조언을 하고 새로운 시스템소프트웨어 관련 기술을 조사하고 연구합니다."
51,시스템엔지니어,"시스템엔지니어는 정보 기술의 기술적 사항과 해당 업무에 필요한 사항을 종합적으로 분석하고 설계하여 사용 용도에 따라 가장 빠르면서 안정된 정보시스템을 만드는 일을 합니다.
 정보시스템을 도입해 처리할 일을 확인하고 사용자가 일을 처리하는 절차와 관련된 자료를 가지고 정보시스템으로 만들기 위한 모든 요소를 확인합니다.
 기존 시스템의 문제점과 고객이 원하는 사항을 자세히 파악하고 분석하여, 만들어야 할 정보시스템의 성능, 기능, 사양 등에 관한 주요 사항을 결정합니다.
 만들고자 하는 시스템이 다른 업무를 처리하는 전산 시스템의 데이터와 얼마나 관련되어 있는지를 자세히 검토하여 데이터의 처리에 문제가 없도록 합니다."
52,식품공학기술자," 식품공학기술자는 식품에 대한 조사, 개발, 생산 기술 개발, 품질 관리, 포장, 가공 및 이용에 관한 업무를 합니다.
 식품개발을 담당하는 식품공학기술자는 자사 및 경쟁업체의 상품에 대해 식품 및 소비자의 반응을 분석하고, 생산할 제품을 기획하고 식품의 영양, 맛, 색깔, 상품 가치 등을 고려해 적합한 재료를 선택하고, 조리 방법 등을 연구합니다.
 식품의 각종 성분을 검사하는 식품공학기술자는 각 식품의 특성에 따라 유해 성분 잔류 여부, 식품첨가물의 적절성 여부 등, 제품의 안전성을 판단하는 안전 검사를 실시하며, 이러한 실험·검사 결과를 토대로 종합적인 보고서를 작성합니다.
 식품공학기술자 중 식품감시원은 백화점 및 할인 마트의 식품 코너, 식품생산업체 등에서 판매되거나 조리되는 식품이 안전하게 소비자에게 유통되고 판매되는지를 관리하고 감독합니다.
 식품 가공, 생산 포장, 품질 관리에 관한 개선된 방법과 기술을 개발하고, 생산 현장에서 생산 라인의 책임자를 지도하거나 제조 공정을 감독하는 작업도 수행합니다."
53,식품융합엔지니어,"식품융합엔지니어는 미래의 식량 부족 위기에 대비해서 생명과학과식품과학 기술, 전자 및 기계공학 기술 등의 융합을 통해 새로운 기능과 형태를 가진 식재료를 개발하는 일을 합니다.
 유전자 조작과 세포를 합치는 병합 등을 통해 병과 해충에 강하고 생산량이 많은 작물을 개발합니다.
 식재료뿐만 아니라 다양한 용도로 활용될 수 있는 새로운 작물을 개발합니다."
54,신경회로망연구원,"신경회로망연구원은 영상 및 음성인식, 로봇 제어, 통신 등에 사용되는 인공지능형 반도체 및 응용기술을 연구하고 개발하는 일을 담당합니다.
 인간의 뇌와 뇌세포 구조에 대한 지식을 바탕으로 컴퓨터나 로봇 등이 인간과 같이 사고하고 학습하는 능력을 갖도록 하는 프로그램을 개발하고 연구합니다.
 영상인식, 음성인식, 로봇제어, 표적인식, 통신 등에 사용되는 응용기술을 연구합니다."
55,신재생에너지 전문가,"신재생에너지 전문가는 태양광, 풍력, 지열, 바이오에너지, 연료전지, 수소에너지 등을 이용하여 전기를 생산하고 이용하는 기술을 개발합니다.
 신재생에너지를 이용하여 보다 효율적으로 전기를 생산하고 공급할 수 있는 장비를 개발하고 관리하는 일을 합니다.
 태양광발전, 풍력발전, 지열발전 등과 같이 신재생에너지를 생산하는 발전 시스템을 설치하고 운영하는 일을 합니다."
56,아이티(IT)교육강사,"아이티(IT)교육강사는 수강생들에게 컴퓨터 정보처리 기술이나 기타 컴퓨터 프로그램을 능숙하게 활용하기 위한 방법과 이론 등을 설명하거나 가르칩니다.
 정보통신학원 또는 컴퓨터 학원에서 각종 컴퓨터 프로그램을 능숙하게 활용하기 위한 방법 등에 대한 이론과 실기 및 실습을 함께 가르칩니다.
 학생들에게 강의할 교재를 만들고 강의를 진행합니다.
 IT 분야에 관련된 IT 기획, 웹프로그램, 웹디자이너, 웹퍼블리셔 등 정보통신 관련 기업의 취업 및 진로 상담을 담당합니다."
57,아이티(IT)기술영업원,"아이티(IT)기술영업원은 정보통신 제품에 대한 전문 지식을 활용하여 고객에게 적합한 제품을 소개하고, 판매하는 일을 합니다.
고객에게 IT 기술 제품(하드웨어 또는 소프트웨어)의 기능과 성능, 사용 방법 등에 대해 조언하고 기존 시스템과 이후 최신화될 기술 관련 문제에 대하여 상담합니다.
 고객이 필요한 내용과 구매 능력을 파악하여 적합한 IT 제품 및 서비스를 추천하거나 판매 계약서를 작성합니다.
 IT 기술 제품이나 서비스를 판매하고 문제가 발생한 경우 문제 해결을 위한 지속적인 서비스를 제공합니다.
 영업 관련 사업계획서 및 사업 기술서를 작성하고, 영업 관련 세미나 전시 기획, 광고 및 홍보 업무를 총괄합니다."
58,에너지공학기술자,"에너지공학기술자는 에너지 사업을 위한 기술상의 조건을 분석하며 이에 필요한 시스템 장비를 설계, 계획, 조직화합니다.
 광산 개발 관련 업무를 수행하고, 광산 시설, 시스템 및 장비를 설계하며 지하의 금속 또는 비금속광물, 광석의 추출을 계획 및 조직합니다.
 석유 및 가스 매장량의 탐사, 개발, 추출과 관련된 연구를 수행하며, 광석 매장량 및 보유량 추정 및 탄광 설계에 관한 측량 및 연구를 수행합니다."
59,원격진료 코디네이터,"의학적 지식을 바탕으로 직접 병원에 가기 어려운 환자들을 정보 통신 기술(ICT: Information and Communication Technologies)을 이용하여 의사와 연결해 주어 원격진료 서비스가 가능하도록 도와주는 업무를 수행합니다.
 환자의 원격진료 서비스 요청에 대응하여 진료를 위해 상담을 하고 관련 내용을 문서로 정리합니다.
 환자가 보내온 혈당, 혈압, 심전도, 체중 등 의료 정보를 PC, 스마트폰 등을 통해 수집하고 분석하여 의료진에게 전달합니다.
 원격진료 서비스 결과에 대하여 환자에게 설명해 주고 이에 대한 상담 서비스를 제공합니다."
60,원자력연구원,"원자력연구원은 사람들과 산업체에 에너지를 제공하기 위해 사용되는 원자력의 안전한 이용 방법에 대해 연구하고 개발합니다.
 안전성과 경제성을 지닌 새로운 원자력 에너지를 연구ㆍ개발하며, 원자력 발전소의 안전성을 평가합니다.
 방사선 폐기물의 안전한 처리 방법에 대해 연구하고, 방사선을 의학용, 농업용 등으로 이용할 수 있는 기술을 개발합니다.
 화학, 생물 등의 기초 분야 및 인공지능, 신소재 개발과 같은 여러 분야와 원자력 기술을 접목하는 연구를 수행합니다."
61,웹디자이너,"웹디자이너는 웹사이트의 첫 화면이나 세부적인 화면, 메뉴의 색상과 아이콘 등 사이트 전체를 디자인하고 만드는 일을 합니다.
 웹페이지의 문자, 이미지, 동영상, 음성 등을 재가공하여 이용자들이 알기 쉽고 사용하기 쉽게 만드는 작업을 합니다.
 웹사이트의 전체적인 이미지를 결정한 후 사용자가 웹페이지를 이용할 때 메뉴의 이동을 돕는 내비게이션을 디자인하고 전체 구조, 주메뉴와 부메뉴를 위계적으로 정하며, 웹사이트의 틀을 정하고 시각적인 배치를 합니다.
 웹사이트의 주요 화면을 필요에 따라 갱신하며 웹사이트를 제작할 때 필요한 기술인 HTML5, CSS, Javascript, JSP, ASP, XML 등을 활용하여 웹에 애니메이션이나 특정한 효과를 구현하기도 합니다."
62,웹마스터,"웹마스터는 인터넷 웹사이트의 게시판을 관리하거나 사이트상에서 발생한 오류나 문제들을 확인하고 해결하는 일을 담당합니다.
 운영 중인 웹사이트에서 제공되는 콘텐츠를 관리하고, 웹사이트에서 제공하는 서비스의 기능을 정기적으로 점검하고 유지합니다.
 웹사이트에서 자주 발견되거나 사용자들로부터 접수되는 오류 사항 등을 파악하고 개선 사항을 정리하여 관련된 담당자(기획자 또는 개발자)에게 전달합니다.
 웹사이트를 관리하는 관리자 페이지의 사용자 등록이나 삭제, 변경, 관리자 권한 등을 설정하고 관리하는 역할도 합니다."
63,웹접근성컨설턴트,"누구나 손쉽게 웹사이트에 접근할 수 있도록 웹 접근성을 지키고 있는지를 확인하고 필요한 기업이나 기관을 대상으로 전문적인 조언과 지원을 합니다.
 웹접근성컨설턴트는 콘텐츠의 분석, 설계, 개발, 테스트, 실행의 전 과정에서 웹 접근성에 특화하여 웹디자이너 또는 퍼블리셔와 같은 작업자를 교육하거나 개발물을 진단 및 보완하는 컨설팅 서비스를 제공합니다.
 컨설팅을 의뢰한 기업과 관계자에게 웹 접근성의 개념 및 웹 접근성 구현 사례 교육을 실시하고 관련된 가이드라인과 표준 지침을 제공하고 설명합니다.
 PC웹 사이트와 모바일 웹 등의 화면을 기획하는 내용이 담긴 화면 설계서나 디자인 시안을 확인하고 오류 사항이나 개선점을 제안하여 개발할 때 적용할 수 있도록 합니다.
 최종 콘텐츠를 검토하고 웹 접근성 품질 마크를 획득할 수 있도록 지원합니다."
64,웹프로듀서,"웹프로듀서는 웹사이트 기획, 구축 및 운영, 마케팅 등을 총괄합니다.
 새로운 인터넷 사이트를 만들기 위한 기획안을 만들며, 웹사이트에서 제공할 내용, 디자인 등 전반적인 홈페이지 관리를 담당합니다.
 웹사이트의 자료를 지속적으로 갱신합니다."
65,유전공학연구원," 유전공학연구원은 생명현상의 기본 물질인 유전자를 재조합하여 인류에게 유익한 의약물질, 기능성물질 등을 생산하고, 새로운 형질의 생명체를 창출, 실용화하는 첨단 기술에 대해 연구합니다.
 인체를 포함한 동물, 식물, 미생물 등 세포 내에서 수행되는 생명활동의 기본 현상과 원리를 규명하고 식물이나 동물의 유전방식을 연구합니다.
 유전자를 인위적으로 재조합하여 새로운 품종을 개발하거나 유전질환, 암, 노화, 치매, 에이즈 등과 같은 질병의 유발 원인에 대해 연구합니다."
66,의료정보시스템개발자,"의료정보시스템개발자는 의료정보의 축적 및 검색, 의료기관 간의 상호 연결 또는 지역주민이 의료기관을 보다 편리하게 이용할 수 있도록 하는 정보시스템을 연구 및 개발하는 일을 합니다.
 국내외의 의료정보시스템 개발 흐름 및 우리나라 의료 체계와 관련된 법과 제도를 분석하여 적합한 의료정보시스템을 기획하고 개발합니다.
 병원과 환자의 진료 정보 및 기타 의료 행정 정보들을 체계적으로 관리할 수 있는 의료정보시스템을 만듭니다.
 의료정보시스템이 작동하는 데 필요한 하드웨어나 네트워크 장비를 정기적으로 점검하고, 시스템의 오류나 결함의 원인을 분석하여 문제를 해결합니다."
67,인공위성개발원,"인공위성개발원은 우주탐사, 기상예보 등의 다양한 목적을 달성하기 위한 인공위성을 연구 및 개발하는 일을 담당합니다.
 인공위성 및 인공위성과 관련된 분야에 대한 전문적 지식과 기술을 활용하여 목적에 맞는 인공위성을 연구, 개발, 설계합니다.
 인공위성이 궤도에 도달하도록 유도하며, 위성으로부터 보내진 탐사 자료를 분석합니다.
 시장조사와 세계 인공위성개발의 기술 변화 등에 대해 분석하여 인공위성의 기술적 성능의 개선 및 개발에 참고합니다.
 개발한 인공위성의 성능을 시험하며, 발견된 인공위성의 결함 원인에 대해 분석하여 해결책을 제시합니다."
68,자동조립라인 및 산업용로봇조작원,"자동조립라인 및 산업용로봇조작원은 생산 현장의 자동 또는 반자동 조립라인을 조작하거나 산업용 로봇을 조작하는 일을 담당한다.
 자동차 등의 기업체 생산 현장에서 자동, 반자동 조립라인을 제어하고 조작합니다.
 로봇의 수행 작업에 대한 프로그램을 작성하고 관리합니다.
 로봇의 움직임을 관찰하고 정확한 작업을 수행하는지 점검합니다."
69,자동차공학기술자,"자동차공학기술자는 각종 차량의 차체, 엔진, 제동장치, 및 기타 구성품에 관하여 개발 및 제조를 계획, 감독합니다.
 자동차의 기계, 전기 및 기관에 대한 새로운 디자인을 개발하기 위하여 관련 자료를 검토하고 분석합니다.
 구성부품 및 기관을 설계하고, 공학기술상의 설계와 일치 여부를 확인하기 위하여 부품, 차량의 제조, 개조, 수리 작업을 감독, 조정합니다."
70,재료공학기술자,"재료공학기술자는 산업에서 사용하고 있는 금속 및 비금속 재료를 가공ㆍ처리하여 제조하는 일련의 제조공정을 연구ㆍ개발하고 기술을 지휘ㆍ감독합니다.
 비금속의 속성 및 특성에 관한 연구를 수행하고 세라믹, 반도체 및 기타 재료들의 주형, 조형, 열처리를 위한 공정을 설계합니다.
 각종 설비와 배관의 물성 및 부식에 대한 진단을 위하여 비파괴 기술에 대한 연구를 합니다.
 화학, 물리적 분석 및 기타 연구를 수행하고 재료의 설계, 부식 관리 방법과 공정을 검사하며 기타 절차들에 관해 자문합니다.
 제품검사를 조정하고 비금속재료의 생산공정을 관리합니다."
71,전기공학기술자,"전기공학기술자는 전력, 자동화 및 제어 시스템, 엔지니어링 및 건설, 전기 설비 등의 분야에서 계획 설계 시공 및 감리 업무와 전력시설물의 유지 보수 및 안전관리 업무를 합니다.
 자료를 수집·분석하여 회사 실정에 맞는 장·단기 기술 정책안을 세우고 과학기술정보를 수집·조사하여 생산 및 설비 기술 향상을 위한 방안을 연구합니다.
 공업 표준화 및 사내 기술 규격 표준 등의 제정·조정 업무를 수행합니다.
 전기 부문의 각종 기술적 조정 업무를 수행하며, 기존 설비의 시설용량, 규격, 형식 등을 검토하여 설비 개선 방안을 연구합니다.
 전기 관련 제조업 분야에서는 제품 개발 및 설계 업무, 소프트웨어 개발 업무, 공장 자동화 시스템 개발 업무뿐만 아니라 전자 제품 및 기기 제조업 분야 등에서 연구 및 개발, 설계 및 감독 업무를 합니다."
72,전자공학기술자,"전자공학기술자는 물리학 및 수학의 이론과 원리를 바탕으로 재료 속성에 대한 지식을 활용하여 전자제품을 설계 및 개발하고 생산관리 및 감독 업무를 합니다.
 제품을 설계 및 개발하기 위해서는 시장조사를 거쳐 소비자가 원하는 성능, 기능, 디자인 등에 대한 의견 수렴을 하고 경쟁업체 제품 및 세계 동향, 기술 변화 등을 분석한 후 디자인 설계를 합니다.
 계획된 공사의 설계와 시공에 대한 감독 및 조언을 담당하고 계측제어설비에 대한 정비 계획을 수립·시행합니다.
 전산기 하드웨어 및 계측제어설비의 사양을 검토·조정하고 신기술 도입 및 개발 방안을 연구합니다.
 제품의 모델을 만들어 성능에 이상은 없는지, 제대로 작동은 하는지, 진동이나 충격에 강한지 등을 테스트합니다."
73,무인항공기시스템개발자,"무인항공기시스템개발자는 무인항공기 시스템의 설계, 제조, 작동 및 유지에 필요한 활동을 합니다.
 무인항공기의 정교한 자동 운항 시스템 개발과 함께 무인기의 정보 자료 수집체계를 설계하고 개발합니다.
 무인항공기로부터 수집된 자료를 분석하고 체계적으로 저장할 수 있는 정보 분석 및 관리 체계를 만듭니다."
74,반도체공학기술자,"반도체공학기술자는 냉장고, 텔레비전, 세탁기 등의 가전제품과 의료기기, 컴퓨터, 휴대폰 등 전자제품에 사용되는 반도체의 기술적 성능을 개선하거나 새로운 기능과 성능을 갖춘 반도체를 개발합니다.
 반도체에 대한 전반적인 기술적 지식을 활용하여 반도체의 제조 및 조립을 위한 공정별 최적 조건을 설정합니다.
 반도체 제조에 필요한 설비와 장비를 시운전하여 조작 및 운영 방법을 규정하여 작업자에게 지시하고, 불량제품의 원인을 분석하고 그 대책을 수립합니다.
 기술적 성능을 개선하고 부품, 제품 및 시스템에 사용되는 전자적 특성에 대한 변형과 응용에 대해 계획하고 개발합니다.
 새로운 장비나 설비에 대하여 시험 가동하여 적정 조건 유지를 검토하고 제반 공정 조건을 규정하며 작업원들에게 장비 조작 방법 및 제반 조건에 관한 교육을 합니다."
75,발명가,"발명가는 지금까지 없던 기술이나 물건을 새로 생각하여 만들어 내는 일을 전문적으로 하는 사람으로, 새로운 아이디어를 생각해 내고 시제품을 만듭니다.
 자신이 생각해 낸 발명품의 개요를 적어 개인이 직접 특허청에 특허출원을 신청하거나 특허사무소 또는 변리사를 통하여 특허를 신청하기도 합니다.
 중소기업이나 대기업 등에 특허법에 의하여 발명을 독점적으로 이용할 수 있는 권리인이 자신의 발명 특허권을 팔기도 합니다.
 자신이 발명한 특허기술을 바탕으로 벤처회사를 설립하거나 상품화하여 팔기도 합니다."
76,베타테스터,"베타테스터는 컴퓨터업체에서 소프트웨어나 하드웨어 제품을 판매하기 전에 제품의 결함 여부를 검사하는 사람으로, 프로그램의 오류를 파악하고 해결 방안을 제시하여 상품성을 높이는 일을 합니다.
 소프트웨어, 하드웨어 등 제품의 문제점 및 보완점을 발견해 필요한 조치를 취합니다.
 소프트웨어 프로그램의 장단점을 파악하여 홍보하는 역할을 하기도 합니다.
 게임 베타테스터는 게임 출시 전에 일부 사용자를 선발하여 테스트 자격을 부여하여 문제점을 파악하거나, 게임 출시 직전에 전체 사용자들에게 서비스를 이용하게 한 후 시스템 문제점, 버그 등을 파악합니다."
77,블록체인 전문가,"블록체인 전문가는 누구나 열람할 수 있는 장부에 거래 내용을 공개적으로 기록하고 여러 대의 컴퓨터에 복제, 저장하는 기술인 블록체인 기술을 활용할 수 있는 분야와 산업을 찾고 이를 적용하기 위한 소프트웨어를 설계하고 개발합니다.
 실물 없이 사이버상에 전자 정보의 형태로 거래되는 전자화폐인 암호화폐를 블록체인 기술에 기반하여 개발합니다.
 블록체인 기술이 실생활에서 사용될 수 있도록 소프트웨어를 개선하고 보완합니다."
78,비디오게임디자이너,"비디오게임디자이너는 게임의 줄거리, 등장인물의 캐릭터, 행적에 대한 이야기의 틀을 잡습니다. 또한 하나 또는 다수의 캐릭터 입장에서 진행되는 이야기인 롤플레잉 방법(role-play mechanics)을 구체화합니다.
 구체화된 게임 기획안에 따라 프로그래머, 작가, 애니메이터 등의 개발 팀원들을 지휘하며 소프트웨어 제작 과정을 총괄하여 감독합니다.
 계획된 제작 일정에 맞추어 프로토타입을 개발하고 재미 요소나 구현 가능성을 검증한 후 게임의 다양한 콘텐츠를 균형 있게 경험할 수 있도록 조정합니다."
79,빅 데이터 전문가,"빅 데이터 전문가는 대량의 빅 데이터로 사람들의 행동이나 시장의 변화 등을 분석하는 데 도움이 되는 정보를 제공합니다.
 구체적으로는 데이터 수집, 데이터 저장 및 분석, 데이터 시각화 등을 통한 정보 제공을 담당합니다.
 실시간으로 데이터를 수집·저장·분석하고 시각화하여 의미 있는 분석 결과를 도출하기도 합니다.
 빅 데이터와 관련된 새로운 기술, 유행 등을 수시로 파악합니다"
80,사물 인터넷 전문가,"사물 인터넷 전문가는 우리 주변에 있는 사람, 사물, 공간과 관련된 데이터를 인터넷으로 연결하여 새로운 정보가 생성·수집·공유·활용되도록 하고, 이를 통해 새롭게 가치 있는 것을 만들어 이전에 없던 편리함을 사람들에게 제공합니다
 우리 사회의 안전, 복지, 교통, 환경 등에서 문제점이 없는지 점검하고 더 편리하고 안전한 삶을 만들기 위하여 사물 인터넷 기술을 활용한 해결 방안을 찾습니다.
 사물 인터넷 기술과 서비스를 판매하거나 구입할 수 있는 제품으로 만드는 역할을 합니다."
81,사이버 평판 관리자," 사이버 평판 관리자는 주로 온라인에서 개인이나 기업과 관련된 사람들의 평가나 만족/불만족 내용과 같은 평판을 감시합니다.
 누군가가 의도적으로 만들어낸 좋지 않은 내용(악성 평판)을 해결합니다.
 평판과 관련된 의견을 모으거나, 미리 좋지 않은 내용이 인터넷에 퍼지기 전에 대응할 수 있도록 자료를 수집하는 일을 합니다.
 기업에 대한 나쁜 평판에 관해 체계적이고 조직적으로 대응하여 좋은 평판을 얻기 위한 방안을 찾습니다."
82,전자상거래전문가," 전자상거래전문가는 정부, 기업, 개인 등이 인터넷 웹사이트를 통해 상품 및 서비스를 구매할 수 있는 전자상거래 시스템을 설계하고 만드는 일을 합니다.
 전자상거래전문가는 사업 기획부터 콘텐츠 개발, 시스템 구성, 서버 관리 및 운영, 상품 구매 및 판매, 마케팅 및 홍보 등을 담당합니다.
 인터넷을 통해 물건을 구매할 가능성이 있는 고객과 물건을 판매할 개인과 기업의 요구를 포함한 전자상거래 시스템을 만듭니다.
 고객을 대상으로 마케팅 전략을 세우거나 전자상거래의 구축에 대한 전문적인 조언을 합니다.
 전자상거래와 관련된 법률적 문제를 검토하고 사이트를 만들고 판매 및 유통 계획을 수립하고 전체 웹사이트의 운영과 관리에 대해 감독합니다."
83,전통건축원," 전통건축원은 전통 건축기법을 이용하여 한옥, 사원, 궁궐 등의 전통 건축물을 설계하고 시공하는 일을 합니다.
 전통 건축물을 새로 짓거나 보수하기 위해 건축 설계도를 해석합니다.
 전통 건축 기법을 이용하여 한옥, 사원, 궁궐 등의 전통 창호와 가구 등을 제작합니다.
 나무로 된 건물을 세우기 위해 나무를 깎고 다듬으며, 건물의 기울어진 부분을 바로잡거나 전통 건축물의 기와를 잇거나 보수하는 업무를 수행합니다."
84,정밀 농업기술자," 정밀 농업기술자는 작물이나 흙의 상태에 따라서 적합한 비료와 농약 등을 사용하여 환경을 보호하고 가장 효율적으로 농사를 짓는 기술을 개발합니다.
 정밀 농업을 하려는 농민들에게 농업기술을 교육하고 전문적인 조언을 제공하는 일을 합니다.
 정밀 농업에 필요한 기계를 관리하고 작업 정보를 분석합니다.
 작물에 영향을 미치는 토양과 기후 등에 관한 정보를 분석하여 농업인들에게 제공합니다."
85,정보보호전문가," 정보보호전문가는 정보시스템의 보안 정책을 세우고, 시스템에 대한 접근 및 운영을 통제하며, 침입자가 발생했을 때에는 신속하게 발견하고 대응해 시스템을 보호하는 일을 합니다.
 허가받지 않은 사람이 정보시스템이나 컴퓨터에 불법 접근하여 정보를 탈취, 변조, 파괴하는 등의 공격 행위를 할 때, 이를 방어하거나 예방합니다.
 각종 컴퓨터바이러스의 발생과 해커의 침입에 대비하여 보안 방법을 만들고, 정보를 보호하는 방화벽의 설정을 변경하거나 관리합니다.
 정보시스템의 정보가 손상되는 크래킹을 당했을 때 이를 빠르게 복구하고 새로운 보안 방법을 마련합니다.
 정보시스템의 위험하고 약한 곳을 확인하여 대비를 하고 컴퓨터바이러스 백신 프로그램을 개발하여 보급하거나 바이러스에 감염된 데이터를 살려냅니다."
86,정보시스템운영자,"정보시스템운영자는 기업이나 기관에서 운영하고 있는 정보시스템을 안전하고 체계적으로 운영 및 관리하고 사용자들에게 서비스를 제공하는 일을 합니다. 
 정보시스템의 하드웨어나 네트워크 장비는 외부 환경에 영향을 받기 쉬우므로 전산실 내부의 온도, 습도, 먼지 등을 체크하고 쾌적하게 유지될 수 있도록 합니다.
 정보시스템의 사용자에 대한 등록 및 삭제에 대한 관리와 각 기능별 사용 권한을 주거나, 시스템 내의 정보를 외부로부터 보호하기 위해 기술적 장치를 마련하고 정기적으로 데이터를 원래 상태로 복구할 수 있는 형태로 보관합니다.
 시스템을 운영하면서 문제점이나 오류 및 고장이 발생하면, 즉시 원인을 파악하여 시스템을 빠른 시간 내에 복구합니다."
87,정보중개인,"정보중개인은 정보 요구자의 의뢰나 요청에 따라 해당하는 정보의 원천이 어디 있는지를 찾고 이 정보를 고객의 요구 사항에 맞게 가공하여 활용할 수 있는 형태로 제공하는 일을 담당하고 있습니다.
 고객의 의뢰 및 요청 사항을 정확히 파악하여 필요한 정보에 대해 정의하고, 인터넷 검색, 문헌 탐색 및 관련 관계자들과의 만남을 통해 정보를 찾아냅니다."
88,조선공학기술자,"조선공학기술자는 선박과 해저자원의 탐사 및 채굴을 목적으로 하는 해양구조물을 연구하고 해양구조물의 시공 및 관리 등과 관련된 일을 담당합니다.
 선박설계의 원리, 선박설계의 환경조건 등의 조선공학기술을 바탕으로 선박 및 해양구조물을 설계하고 건조합니다.
 선박의 기본적인 특성, 구조 등을 개발, 연구하고 선박 및 해양구조물을 설치하기 위하여 설계계획안, 설계서 등의 관련 자료를 검토하고 분석합니다.
 새로운 선박 및 해양구조물의 설계 및 선박 생산과정의 고능률화와 자동화를 위한 시스템 시뮬레이션 기술을 개발하고 실제에 적용하기 위한 연구를 합니다."
89,지리정보시스템기사,"지리정보시스템 데이터베이스 설계, 유지, 수정 및 기술지원을 담당합니다.
 지리정보시스템기사는 지리정보시스템(GIS: Geographic Information System) 자료를 설계, 유지, 수정 또는 사용하여 과학자, 기술자, 관련 전문가들에게 필요한 지원을 합니다.
 고급 공간 분석, 데이터 조작, 또는 지도 제작 소프트웨어를 사용하여 지리 공간 데이터를 구축하거나 모델링하고 전문적인 분석을 수행합니다.
 통합 지리정보시스템의 공간 또는 비공간 데이터베이스의 개발을 설계 또는 조정하는 일을 하거나 효과적으로 정보를 보여주는 데 필요한 지도 제작 요소를 선택합니다.
 지리정보시스템 데이터베이스, 장비, 또는 응용 프로그램의 유지, 개발, 또는 활용 방식과 관련하여 사용자 또는 고객을 대상으로 기술지원을 제공합니다."
90,측량사,"측량사는 국토의 이용, 개발, 건설 공사, 지도 제작을 목적으로 토지의 형태, 지형선, 위치, 고도, 면적 등을 측량하는 업무를 수행합니다.
 토지에 대한 측량 계획과 방법, 절차를 계획함으로써 토지에 물권이 미치는 한계를 정합니다.
 토지 자산, 필지, 토지구획에 대한 사법적 경계를 확립하고자 측량을 계획, 지휘, 감독합니다.
 지형, 지형선 등 영역들을 도면화하고자 경도, 각도, 컴퓨터 삼각법, 기타 계산을 활용하여 분석합니다.
 측량 자료를 검토, 수정하여 도면과 측량 결과서를 작성합니다."
91,카지노딜러,"카지노딜러는 카지노에서 고객의 편의를 위한 각종 서비스를 제공하거나 룰렛, 블랙잭, 바카라 등의 카지노 게임을 진행합니다.
 딜러는 원활한 카지노 게임의 진행을 위해 게임 규칙을 완벽하게 알아야 하고, 게임에 사용하는 카드나 칩을 잘 다루고 신속하고 정확한 동작을 합니다.
딜러는 게임 참여자에게 게임의 기본 규칙을 설명하고 참가자들의 착석 여부와 규정된 금액을 사용했는지 확인을 한 후, 카드, 주사위를 통해 게임을 진행합니다.
 게임의 승패에 따라 근무하는 테이블에서 고객에게 칩을 주거나 받고 고객의 칩을 바꿔주기도 하며, 게임 도중 의심이 가는 행동을 하는 사람이 있으면 카지노 게임장을 감독하는 플로어퍼슨에게 보고합니다."
92,컴퓨터게임시나리오작가,"컴퓨터게임시나리오작가는 게임 개발을 위해 필요한 시나리오를 구성하고 개발하는 일을 합니다.
 다양한 자료를 읽고 조사하며, 게임 시장의 흐름을 파악하여 새로운 게임 소재를 발굴합니다.
 게임의 주제나 장르를 결정하고 이에 따라 게임 시나리오를 창작합니다.
 게임의 스토리 전개를 구성하며, 게임의 개발 과정을 관리하고 감독합니다."
93,컴퓨터그래픽디자이너,"컴퓨터그래픽디자이너는 컴퓨터를 이용해 광고, 영화, 드라마, 애니메이션에 사용되는 특수효과 등 3D 입체 영상이나 도형, 공간, 자막, 그림 등을 디자인하고 표현하는 일을 합니다.
 인터넷 홈페이지에 사용되는 여러 가지 새로운 이미지를 생각해내고 제작하며, 웹페이지에 디자인한 이미지를 올립니다.
방송이나 영화 및 게임 시나리오 작가가 생각한 내용 즉, 입체 영상이나 특수효과, 자막, 그림 등을 컴퓨터 그래픽을 사용하여 영상 속에 표현합니다."
94,컴퓨터하드웨어 기술자 및 연구원," 컴퓨터하드웨어 기술자 및 연구원은 컴퓨터시스템과 주변기기에 대한 지식을 바탕으로 컴퓨터 하드웨어 시스템을 설계하고 실제 생산에 필요한 기술을 지원합니다.
 컴퓨터 본체, 중앙처리장치, 주기억장치, 그래픽카드 등 컴퓨터와 관련된 각종 부품을 설계, 개발하고, 생산을 관리합니다.
 컴퓨터와 관련 장비를 설치, 설비, 변경하고, 기타 작업을 감독하거나 검사하며 컴퓨터 도면 프로그램인 CAD의 설계사, 기술자 및 기타 엔지니어를 관리합니다."
95,크라우드 펀딩 전문가,"크라우드 펀딩은 군중 또는 다수를 의미하는 영어 단어 크라우드(crowd)와 자금 조달을 뜻하는 펀딩(funding)을 조합한 용어입니다.
 회사를 새로 시작하기 위해 자금이 필요한 사람이 중개업자를 통해 온라인에서 다수의 소액 투자자로부터 자금을 얻는 것을 크라우드 펀딩이라 합니다.
 크라우드 펀딩 전문가는 크라우드 펀딩 중개를 담당하는 금융 투자업자로서, 고객의 재산을 직접 맡아서 관리하지 않고, 자금이 필요한 사람과 자금을 투자하고 싶은 사람 사이를 중개하는 역할을 수행합니다."
96,클라우드 시스템 엔지니어,"클라우드 시스템 엔지니어는 인터넷의 서버에 각종 컴퓨터 프로그램을 올려 놓고 여러 이용자들이 인터넷에 접속하여 데이터를 저장하고 처리할 수 있는 기술을 개발합니다.
 ‘클라우드(cloud)’는 인터넷에 존재하는 클라우드 인프라 위에서 작동되는 소프트웨어를 이용해 컴퓨터 자원을 사용하거나, 자료를 저장하거나, 새로운 애플리케이션을 개발하는 가상의 환경을 말합니다.
 클라우드 기술을 통해 우리는 인터넷 공간에 프로그램과 데이터를 저장해 두고 언제 어디서나 필요할 때마다 다양한 기기(컴퓨터/핸드폰/태블릿피시)를 통해 편리하게 사용할 수 있습니다.
 고객 회사가 각자 가지고 있는 시스템과 응용 소프트웨어를 분석하여, 고객 회사의 시스템이 클라우드 환경으로 자연스럽게 바뀔 수 있도록 기술지원을 제공합니다."
97,태양광발전연구 및 개발자,"태양 빛을 이용하여 전기를 발생시키는 장치를 연구하고 태양광 발전에 필요한 각종 장비를 개발합니다.
 태양전지, 태양광 모듈 등 태양광 분야의 새로운 제품을 연구하고 개발합니다.
 태양전지, 태양광 모듈 등 태양광 분야의 제품을 생산하는 데 필요한 각종 공정 장비를 연구·설계하고 개발합니다.
 태양광 분야의 제품을 보다 효율적으로 생산하기 위한 공정을 연구합니다.
 보다 효율적인 태양광 발전 시스템을 연구합니다."
98,토목공학기술자,"토목공학기술자는 국가 기반 시설인 도로, 철도, 교량, 터널, 항만, 상하수도, 댐 등을 계획 및 설계하고 시공합니다.
 설비계획 또는 사업계획에 의하여 공사 일정, 설계 일정, 공사 기간 등 단위 공사의 기본 계획을 작성합니다.
 토목시설물의 재료를 선택하고 기기의 하중, 풍압 등의 조건에 적합한 구조를 결정하며 색채, 외형 등이 균형과 조화를 이루도록 합니다.
 토목 시설물 공사의 각 작업 과정 소요 일정을 판단하고 기전 설비와의 연관관계를 검토하며, 작업의 우선순위, 기후 조건 등을 고려하여 종합 공정표를 작성하고 공정대로 공사가 진행되도록 자재, 인원, 장비의 투입 등 전반적인 공정을 검토·분석합니다.
 측량, 조사시험, 설계 등의 용역과 공사 시공에 따른 과업 지시서, 시공품의 중간검사, 설계변경, 준공검사 등과 시설 공사의 감리 업무 등 제반 행정 처리 업무를 수행합니다."
99,통신공학 기술자 및 연구원,"통신공학 기술자 및 연구원은 물리학, 수학 및 컴퓨터의 구조와 원리에 대한 전문 지식을 바탕으로 통신 장비의 설계, 생산 업무를 관리 및 감독합니다.
 종합적인 통신망 체계를 구축하기 위해 망을 기획, 연구,설계하며, 세부적인 시설에 대한 계획을 수립합니다.
 단파방송 서비스 현황 및 수신 상태를 분석하고 주파수를 선별하며 송출 시스템 송신 장비 운용 사항을 검토하고, 방송 시설을 설계합니다.
 무선통신에 관한 공학 기초 지식을 바탕으로 이동전화, 레이다 설비, 방향탐지기, 팩시밀리, 공동시청안테나, 무선랜 등의 각종 무선설비 설계 및 설치공사를 감독 및 시공하는 기술적인 업무를 수행합니다.
 위성통신 연구 설계, 제작 및 관련 기간 산업 시설, 각종 생활 편리성 등을 연구개발 합니다."
100,통신망설계운영기술자,"통신망설계운영기술자는 통신망의 접속자 몰림 현상 해소, 통화 완료율 향상, 기존 통신망의 효율성 극대화 등을 위해 연구 및 개발하는 일을 합니다.
통신망의 품질 향상, 안정적인 접속 상태 제공을 위해 통신망을 설계하고 차세대 통신기술 및 지능망서비스에 관하여 계획합니다.
 통신망의 안정적 운용을 위하여 기술적 운영 방향을 세우고 이에 알맞은 통신망을 기획 및 설계하고 만듭니다.
 통신망의 안정성과 품질을 높이기 위해 통신망 운영에 대한 중장기 전략을 마련하고 통신망 품질관리와 통신망 장애에 대한 복구 대책을 만듭니다."
101,통신설비설치 및 수리원,"통신설비설치 및 수리원은 유선전화, 휴대폰, 무선통신기, 무선전화 등의 각종 유선이나 무선통신장비를 설치하고 수리하는 일을 담당합니다.
 유선전화, 휴대폰, 무선전화, 무선통신기 등의 송신과 수신을 이어주기 위한 설계도에 따라 통신장비 설치 위치를 확인하고, 통신장비를 설비합니다.
 설비한 통신장비가 잘 작동하는지 확인하며, 이상이나 고장이 발생하면 이를 수리합니다."
102,통신엔지니어,"통신엔지니어는 초고속 인터넷 시스템 및 기타 전송 방식에 사용되는 통신의 전자회로, 제품, 관련된 기술을 연구하고 개발하는 일을 담당합니다.
 국내외 시장조사, 통신 분야의 최신 기술이나 변화 등을 분석하여 새로운 기능과 성능을 갖춘 통신 제품과 기술을 연구하고 개발합니다.
 새롭게 개발된 통신 제품과 기술, 제품의 성능과 기능, 개발된 제품과 기술이 실제로 상품화되어 고객에게 서비스될 수 있는지에 대해 평가하고 확인합니다.
 통신 관련 제품이나 부품 등을 정기적으로 점검하고, 문제점이나 이상이 발견되면 원인을 분석하고 수리하기도 합니다."
103,통신장비기사,"통신장비기사는 무선중계기시스템, 유선통신장비, 무선통신장비, 위성통신장비 등의 장비를 유지하고 관리하며 운용합니다.
 설치 접수증을 확인하여 설치할 장소와 통신 장비의 종류를 확인합니다.
 설계 도면을 검토하여 통신선로를 분리하고 수동 공구, 전기인두 등을 사용하여 전화기, 팩시밀리 등에 통신선로를 연결합니다.
 설치가 완료되면 선로시험원에게 연락하여 선로의 장애 유무를 확인합니다.
 각종 측정 장비를 사용하여 구내의 통신선로를 점검하기도 하며 파손된 장비를 수리하기도 합니다."
104,프로게이머," 프로게이머는 각종 컴퓨터게임 대회에 참가하여 게임을 합니다.
 프로게이머는 게임감독, 팀원들과 함께 전략시뮬레이션, 롤플레잉, 액션게임, 온라인게임 등 컴퓨터게임에 대한 기술 및 전략을 익히고 꾸준히 연습하여 각종 대회에 참가합니다.
 소속 회사에서 개발한 새로운 게임소프트웨어에 대한 테스트를 하며, 새 게임소프트웨어가 출시되면 시연회와 홍보를 하기도 합니다."
105,항공우주공학기술자,"항공우주공학기술자는 공기 중을 비행하는 물체 즉, 여객기, 전투기, 우주선 등의 각종 비행 물체를 설계하고 개발하는 일을 담당합니다.
 항공기의 본체나 시스템 및 전자 설비(레이더 등)를 설계하고, 실험 및 연구를 통해 새로운 항공공학기술을 개발합니다.
 다목적 인공위성, 로켓 개발 등과 같은 프로젝트에 참여하여 기체나 시스템 및 각종 장비를 연구하고 설계합니다.
 항공기 제조 공정을 감독하고 관련 기술을 지도하기도 합니다."
106,해양 에너지 기술자,"해양 에너지 기술자는 바다의 자원을 활용하여 에너지를 얻을 수 있는 방법과 기술을 개발합니다.
 바다에 넓게 존재하고 있는 파랑(파도), 조류, 바다의 온도 차이 등을 전기에너지로 바꾸는 기술을 연구하고 관련 기계나 설비를 개발합니다.
 바다를 조사하고 자원을 개발하기 위해 만드는 해양 구조물을 설치하고 관리하는 일을 합니다.
 해양 에너지 자원을 조사하고 해양 에너지를 이용할 경우에 환경에 어떠한 영향을 미치는지 평가합니다."
107,해양공학기술자,"해양공학기술자는 관련 전문 지식을 이용하여 기초 자료를 조사, 분석하고 해양환경 현황을 조사, 관측, 평가, 계획합니다.
 각종 관측과 기상관측을 통하여 환경영향평가 및 위치적 타당성을 검토합니다.
 흙의 일반적인 활동 현상을 분석하고, 구조물의 하중에 대한 지지력을 추적하여 해안보전 시설물, 방파제, 방사제 등 해양구조물의 안정을 위한 합리적인 설계 및 도면 작성, 재료 선택, 시공을 진행하고, 시공에 따른 오염물의 확산, 해안 건설공사로 인한 생태계의 영향 등을 분석합니다."
108,홀로그램 전문가," 홀로그램 전문가는 기술 분야와 서비스 분야로 나눌 수 있는데, 기술 관련 전문가는 홀로그램을 데이터로 생성하고 처리하는 연구와 개발을 담당합니다.
 서비스 관련 전문가는 주로 문화 공연이나 전시를 기획하고 설계하여 콘텐츠를 제작함으로써 사람들이 홀로그램을 직접 볼 수 있도록 만드는 일을 합니다.
 오디오, 영상, 컴퓨터그래픽, 시스템설계 등의 다양한 분야의 전문가와 함께 작업을 수행합니다."
109,화학공학기술자,"화학공학기술자 및 연구원은 석유, 광물, 나무 등 천연자원을 이용해 일상생활에 필요한 화장품, 비누, 섬유, 의약, 고무, 플라스틱 등 화학제품을 만드는 공정을 연구하거나, 화학제품을 생산하기 위한 설비 시스템 및 관련 정보를 연구, 설계, 개발하는 일을 합니다.
 안전기준에 적합한 화학제품 생산 시스템을 만들기 위한 설계를 수행하고, 설계도에 따라 설비의 건설과 설치를 감독하며, 생산공정 및 각종 제어시스템을 전문적으로 다루거나 제작합니다.
 생산된 제품이 품질 표준을 만족했는지 확인하는 품질 통제 활동과 품질관리 프로그램을 운영하고 원료, 제품, 폐기물에 대한 기준을 마련하는 활동을 합니다."
110,환경공학기술자 및 연구원,"환경공학기술자 및 연구원은 각종 환경오염 문제를 확인하여 연구개발을 통해 방지 대책을 세우거나 공해 방지 설비를 설계하고 제작하며 환경 개선 방안을 수립합니다.
 환경보전에 필요한 다양한 공학적인 기술을 개발하고, 환경오염 방지 및 제어를 위한 처리시설을 설계합니다.
발생된 폐기물 및 기타 오염물질 등을 정화하기 위한 공정의 설계, 시공, 운전 등에 관여합니다."
111,환경컨설턴트," 환경컨설턴트는 기업이나 공공 조직이 가지고 있는 환경 관리상의 문제점을 진단하고 이에 대한 해결책을 제시하는 일을 합니다.
 신도시 개발 사업 등 여러 형태의 개발 행위가 자연환경에 미치는 영향을 사전에 측정하고 평가하여 환경적으로 건전하고 지속 가능한 개발이 될 수 있는 해결책을 제시합니다.
 기업이나 공공 조직의 환경 관리 상태를 진단하고 체계적인 환경 관리를 위한 조직의 방침 및 장기 계획을 수립하며, 그것을 실행하기 위한 방법들에 대해 조직원들에게 교육합니다."
